url,title,duration_seconds,duration_minutes,view_count,description,transcript_downloaded,summary_done
https://www.youtube.com/watch?v=aR20FWCCjAs,Ilya Sutskever – We're moving from the age of scaling to the age of research,5764,96.07,903404,"Ilya & I discuss SSI’s strategy, the problems with pre-training, how to improve the generalization of AI models, and how to ensure AGI goes well.  𝐄𝐏𝐈𝐒𝐎𝐃𝐄 𝐋𝐈𝐍𝐊...",success,
https://www.youtube.com/watch?v=8-boBsWcr5A,Satya Nadella – How Microsoft thinks about AGI,5322,88.7,264115,"As part of this interview, Satya Nadella gave me and Dylan Patel (founder of SemiAnalysis) an exclusive first-look at their brand-new Fairwater 2 datacenter.  Microsoft is building multiple...",success,
https://www.youtube.com/watch?v=RH_ycZYH8-s,Sarah Paine — How Russia sabotaged China's rise,5484,91.4,1013867,"In this lecture, military historian Sarah Paine explains how Russia—and specifically Stalin—completely derailed China’s rise, slowing them down for over a century. This lecture was particular...",success,
https://www.youtube.com/watch?v=lXUZvyajciY,"Andrej Karpathy — “We’re summoning ghosts, not building animals”",8768,146.13,1022715,"The Andrej Karpathy episode. During this interview, Andrej explains why reinforcement learning is terrible (but everything else is much worse), why AGI will just blend into the previous ~2.5...",success,
https://www.youtube.com/watch?v=0GMWxuYuxJI,“I find it almost disturbing that the universe favors life this strongly” – Nick Lane,4853,80.88,118428,"Nick Lane has some pretty wild ideas about the evolution of life. He thinks early life was continuous with the spontaneous chemistry of undersea hydrothermal vents. Nick’s story may be wrong,...",success,
https://www.youtube.com/watch?v=u3HBJVjpXuw,Some thoughts on the Sutton interview,700,11.67,95166,I have a much better understanding of Sutton’s perspective now. I wanted to reflect on it a bit.  Read the transcript here: https://www.dwarkesh.com/p/thoughts-on-sutton  TIMESTAMPS 00:00:00...,success,
https://www.youtube.com/watch?v=21EYKqUsPfg,Richard Sutton – Father of RL thinks LLMs are a dead end,4029,67.15,547769,"Richard Sutton is the father of reinforcement learning, winner of the 2024 Turing Award, and author of The Bitter Lesson. And he thinks LLMs are a dead end. After interviewing him, my steel...",success,
https://www.youtube.com/watch?v=48pxVdmkMIE,Fully autonomous robots are much closer than you think – Sergey Levine,5309,88.48,183997,Sergey Levine is one of the world’s top robotics researchers and co-founder of Physical Intelligence. He thinks we’re on the cusp of a “self-improvement flywheel” for general-purpose...,success,
https://www.youtube.com/watch?v=SdMgOXfSBQw,Sarah Paine – How Hitler almost starved Britain,5768,96.13,996241,"In this lecture, Sarah Paine explains how Britain used sea control, peripheral campaigns, and alliances to defeat Nazi Germany during WWII. She then applies this framework to today, arguing...",success,
https://www.youtube.com/watch?v=XCLODgdCmKA,Evolution designed us to die fast; we can change that — Jacob Kimmel,6321,105.35,70829,Jacob Kimmel thinks he can find the transcription factors to reverse aging. We do a deep dive on why this might be plausible and why evolution hasn’t already optimized for longevity. We also...,success,
https://www.youtube.com/watch?v=3cDHx2_QbPE,China is killing the US on energy. Does that mean they’ll win AGI? — Casey Handmer,4102,68.37,86943,"How will we feed the 100s of GWs of extra energy demand that AI will create over the next decade? On this episode, Casey Handmer (Caltech PhD, former NASA JPL, founder & CEO of Terraform Industries...",success,
https://www.youtube.com/watch?v=kWcPg8t1kJ4,Artificial meat is harder than artificial intelligence — Lewis Bollard,4085,68.08,50388,"This episode was a deep dive with Lewis Bollard, who leads Open Philanthropy’s strategy for Farmed Animal Welfare, on the surprising economics of the meat industry: Why is factory farming...",success,
https://www.youtube.com/watch?v=nyvmYnz6EAg,Why I don’t think AGI is right around the corner,1034,17.23,173000,"I wrote this blog post after some of my recent AI interviews, where I was thinking through why I disagreed with their especially bullish projections. If you want to read the original post,...",success,
https://www.youtube.com/watch?v=KxIeJjEGLdo,Sarah Paine — How Imperial Japan defeated Tsarist Russia & Qing China,6982,116.37,1188940,"After my last lecture series with Sarah Paine ended, I still had so many questions. I knew we’d only scratched the surface of Sarah’s scholarship, so I immediately invited her back for...",error: IP blocked (stopped),
https://www.youtube.com/watch?v=YMfd3EoHfPI,Stephen Kotkin — How Stalin became the most powerful dictator in history,8015,133.58,580249,Stephen Kotkin is arguably the world’s foremost expert on Joseph Stalin and has written a massive 2-volume biography about him (with a 3rd volume in the works).  No other individual had more...,,
https://www.youtube.com/watch?v=olmHHxFQwxo,A billion years of evolution in a single afternoon — George Church,5669,94.48,151403,George Church is the godfather of modern synthetic biology and has been involved with basically every major biotech breakthrough in the last few decades.  Professor Church thinks that these...,,
https://www.youtube.com/watch?v=qb644F-iE_s,Why China's manufacturing economy is dominating — Arthur Kroeber,8850,147.5,265229,"Arthur Kroeber is a leading researcher on Chinese tech and macro, a founding partner at Gavekal Dragonomics, and author of ""China's Economy: What Everyone Needs to Know"". It's the most useful,...",,
https://www.youtube.com/watch?v=P2b4TjQa4gk,"""China is digging out of a crisis. And America’s luck is wearing thin."" — Ken Rogoff",5765,96.08,369409,"Ken Rogoff, former chief economist of the IMF, predicts that within the next decade, the US will have a debt-induced inflation crisis, but not a Japan-type financial crisis (the latter is much...",,
https://www.youtube.com/watch?v=b1TeeIG6Uaw,"Xi Jinping’s paranoid approach to AGI, debt crisis, & Politburo politics — Victor Shih",5397,89.95,675447,"On this episode, I chat with Victor Shih about all things China. We discuss China’s massive local debt crisis, the CCP’s views on AI, what happens after Xi, and more. Victor Shih is an...",,
https://www.youtube.com/watch?v=64lXQP6cs5M,Is RL + LLMs enough for AGI? — Sholto Douglas & Trenton Bricken,8642,144.03,180476,"New episode with my good friends Sholto Douglas & Trenton Bricken. Sholto focuses on scaling RL and Trenton researches mechanistic interpretability, both at Anthropic. We talk through what’s...",,
https://www.youtube.com/watch?v=bJD1NpdMY5s,What will automated firms look like?,618,10.3,61151,"Based on my essay about AI firms and automation: https://www.dwarkesh.com/ai-firm. For future essays and episodes, subscribe at https://www.dwarkesh.com/.  𝐒𝐏𝐎𝐍𝐒𝐎𝐑𝐒...",,
https://www.youtube.com/watch?v=rYXeQbTuVl0,Mark Zuckerberg — AI will write most Meta code in 18 months,4550,75.83,343227,"Zuck on: * Llama 4, benchmark gaming, open vs source * Intelligence explosion, business models for AGI * DeepSeek/China, export controls, & Trump * Orion glasses, AI relationships, and not...",,
https://www.youtube.com/watch?v=QFzgSmN8Ng8,"Why Rome actually fell: plagues, slavery, & ice age — Kyle Harper",5053,84.22,220759,"800 years before the Black Death, the very same bacteria ravaged Rome, killing 60%+ of the population in many areas. Also, back-to-back volcanic eruptions caused a mini Ice Age, leaving Rome...",,
https://www.youtube.com/watch?v=WLBsUarvWTw,AGI is still 30 years away — Ege Erdil & Tamay Besiroglu,11344,189.07,122170,"Ege Erdil and Tamay Besiroglu have 2045+ timelines, think the whole ""alignment"" framing is wrong, don't think an intelligence explosion is plausible, but are convinced we'll see explosive economic...",,
https://www.youtube.com/watch?v=htOvH12T7mU,AI 2027: month-by-month model of intelligence explosion — Scott Alexander & Daniel Kokotajlo,11117,185.28,323652,Scott Alexander and Daniel Kokotajlo break down every month from now until the 2027 intelligence explosion. Scott is author of the highly influential blogs Slate Star Codex and Astral Codex...,,
https://www.youtube.com/watch?v=XLaRfZ4AHn8,"AMA: career advice given AGI, how I research ft. Sholto & Trenton",2974,49.57,52663,"I recorded an AMA! I had a blast shooting the shit with my friends Trenton Bricken and Sholto Douglas. We discussed my new book, career advice given AGI, how I pick guests, how I research for...",,
https://www.youtube.com/watch?v=TcfhrThp1OU,Joseph Henrich — Humans defeated smarter species with cultural evolution,6832,113.87,261011,Humans have *not* succeeded because of our raw intelligence. Marooned European explorers regularly starved to death in areas where foragers thrived for 1000s of years. I’ve always found this...,,
https://www.youtube.com/watch?v=UU9jbImVsNY,Notes on China,1172,19.53,214672,I spent 2 weeks in China and wrote an essay about my experiences there. This is an animated version of that essay. You can find the original essay at https://www.dwarkesh.com/p/notes-on-china....,,
https://www.youtube.com/watch?v=cn-k7KUpydE,The Hardest thing About Being CEO – Satya Nadella,298,4.97,29347,Full Episode: https://youtu.be/4GLSzuYXh6w  Read the transcript: https://www.dwarkeshpatel.com/p/satya-nadella Apple Podcasts: https://podcasts.apple.com/us/podcast/satya-nadella-microsofts-agi-pla...,,
https://www.youtube.com/watch?v=itkvrQUSJC0,Satya Nadella shows me the first Majorana 1 Quantum Computing chip,361,6.02,53541,Full Episode: https://youtu.be/4GLSzuYXh6w  Read the transcript: https://www.dwarkeshpatel.com/p/satya-nadella Apple Podcasts: https://podcasts.apple.com/us/podcast/satya-nadella-microsofts-agi-pla...,,
https://www.youtube.com/watch?v=4GLSzuYXh6w,Satya Nadella — Microsoft’s AGI plan & quantum breakthrough,4615,76.92,744395,"Satya Nadella on: * Why he doesn’t believe in AGI but does believe in 10% economic growth, * Microsoft’s new topological qubit breakthrough and gaming world models, * Whether Office commoditize...",,
https://www.youtube.com/watch?v=v0gjI__RyCY,Jeff Dean & Noam Shazeer — 25 years at Google: from PageRank to AGI,8136,135.6,253414,"This week I welcome two of the most important technologists in any field. Jeff Dean is Google's Chief Scientist, and through 25 years at the company, has worked on basically the most transformative...",,
https://www.youtube.com/watch?v=AFsf-00tsrw,20th Century's Most Lethal Leader – Sarah Paine (Lecture Excerpt),233,3.88,292418,Full Episode: https://youtu.be/4l3Sa8ImGFQ Transcript: https://www.dwarkeshpatel.com/p/sarah-paine-china Apple Podcasts: https://podcasts.apple.com/us/podcast/dwarkesh-podcast/id1516093381...,,
https://www.youtube.com/watch?v=tlNHLGVRKlc,The Limits of American Power – Sarah Paine,570,9.5,500511,Full Episode: https://youtu.be/4l3Sa8ImGFQ Transcript: https://www.dwarkeshpatel.com/p/sarah-paine-china Apple Podcasts: https://podcasts.apple.com/us/podcast/dwarkesh-podcast/id1516093381...,,
https://www.youtube.com/watch?v=OoSh7qJcZWA,"""The Brilliance of Communism"" – Sarah Paine",398,6.63,583413,Full Episode: https://youtu.be/4l3Sa8ImGFQ Transcript: https://www.dwarkeshpatel.com/p/sarah-paine-china Apple Podcasts: https://podcasts.apple.com/us/podcast/dwarkesh-podcast/id1516093381...,,
https://www.youtube.com/watch?v=4l3Sa8ImGFQ,Sarah Paine — How Mao conquered China (lecture & interview),6541,109.02,1944463,"In this episode, Prof Paine looks at Maoist China. How did Mao go from military genius to peacetime disaster? How did the patriotic hero inflict history’s worst catastrophe on China? How...",,
https://www.youtube.com/watch?v=eebSpobsPmM,Attacking America Is a Devastating Miscalculation – Sarah Paine,344,5.73,1173444,Full Episode: https://www.youtube.com/watch?v=Znk5QINe01A Transcript: https://www.dwarkeshpatel.com/p/sarah-paine-japan Apple Podcasts: https://podcasts.apple.com/us/podcast/sarah-paine-episode-1-t...,,
https://www.youtube.com/watch?v=Znk5QINe01A,Sarah Paine — Why Japan lost WWII (lecture & interview),7640,127.33,1559858,"The fatal flaw in Japan's military culture that cost them WWII. This is the second in a trilogy: a lecture series by Professor Sarah Paine of the Naval War College. In this episode, Prof Paine...",,
https://www.youtube.com/watch?v=dPDndeV_mTU,Was The War Against Japan Avoidable? - Sarah Paine,505,8.42,229865,"Episode 2, 'Why Japan Lost,' comes out tomorrow!",,
https://www.youtube.com/watch?v=ZACAzNyfyxs,Unlimited War: Putin vs Bismarck – Sarah Paine,225,3.75,301100,Full Episode: https://www.youtube.com/watch?v=LbkO84MsmyM Transcript: https://www.dwarkeshpatel.com/p/sarah-paine-india Apple Podcasts: https://podcasts.apple.com/us/podcast/sarah-paine-episode-1-t...,,
https://www.youtube.com/watch?v=LbkO84MsmyM,Sarah Paine — The war for India (lecture & interview),8011,133.52,4486638,"How the rivalry between China and India reshaped Asia forever. I’m thrilled to launch a trilogy of episodes: a lecture series by Professor Sarah Paine of the Naval War College, each followed...",,
https://www.youtube.com/watch?v=fx6fakjQBdo,Sarah Paine: We Thought The Soviets Were Going to Win,151,2.52,219188,"I’m excited to welcome Sarah Paine back to the show for a series of three lectures followed by a conversation with me, the first of which will be published this Thursday (Jan 16th)!  In the...",,
https://www.youtube.com/watch?v=zfOYEMnpqdM,Why Space Elevators Can't Mine Black Holes – Adam Brown,634,10.57,14054,Full Episode:  https://www.youtube.com/watch?v=XhB3qH_TFds Transcript: https://www.dwarkeshpatel.com/p/adam-brown Apple Podcasts: https://podcasts.apple.com/us/podcast/dwarkesh-podcast/id1516093381...,,
https://www.youtube.com/watch?v=GT_sXIUJPUo,Tyler Cowen — The #1 bottleneck to AI progress is humans,3634,60.57,84273,This is my fourth interview with the pre-eminent infovore Tyler Cowen – and yet I’m always hearing new stuff from him. We talked at the Progress Conference 2024 about why he thinks AI won't...,,
https://www.youtube.com/watch?v=LjY0i2B-Avc,How Far Are We From An AI Einstein? - Adam Brown,579,9.65,34652,Full Episode:  https://www.youtube.com/watch?v=XhB3qH_TFds Transcript: https://www.dwarkeshpatel.com/p/adam-brown Apple Podcasts: https://podcasts.apple.com/us/podcast/dwarkesh-podcast/id1516093381...,,
https://www.youtube.com/watch?v=ZT07mR7DnFI,How Black Holes Reveal a Holographic Reality,1422,23.7,37146,Full Episode:  https://www.youtube.com/watch?v=XhB3qH_TFds Transcript: https://www.dwarkeshpatel.com/p/adam-brown Apple Podcasts: https://podcasts.apple.com/us/podcast/dwarkesh-podcast/id1516093381...,,
https://www.youtube.com/watch?v=XhB3qH_TFds,"Adam Brown — Bubble universes, space elevators, & AdS/CFT",9866,164.43,194894,Adam Brown is a founder and lead of BlueShift which is cracking maths and reasoning at Google DeepMind and a theoretical physicist at Stanford. We discuss: destroying the light cone with vacuum...,,
https://www.youtube.com/watch?v=IMkqAUsVAfc,The Grand Theory of Intelligence – Gwern,224,3.73,15122,Full Episode: https://youtu.be/a42key59cZQ Transcript: https://www.dwarkeshpatel.com/p/gwern-branwen Apple Podcasts: https://podcasts.apple.com/us/podcast/gwern-branwen-how-an-anonymous-researcher-...,,
https://www.youtube.com/watch?v=5fkqmNzFni8,How Gwern saw AI scaling coming,344,5.73,12821,Full Episode: https://youtu.be/a42key59cZQ Transcript: https://www.dwarkeshpatel.com/p/gwern-branwen Apple Podcasts: https://podcasts.apple.com/us/podcast/gwern-branwen-how-an-anonymous-researcher-...,,
https://www.youtube.com/watch?v=a42key59cZQ,Gwern — Anonymous writer who predicted AI trajectory on $12K/year salary,5804,96.73,160920,"Gwern's blog: https://gwern.net/. Gwern is a pseudonymous researcher and writer. After the episode, I convinced Gwern to create a donation page where people can help sustain what he's up to....",,
https://www.youtube.com/watch?v=J7yvSkIOZLw,$10B OpenAI & Microsoft Cluster in 2025 – Dylan Patel & @Asianometry,314,5.23,19166,Full Episode: https://youtu.be/pE3KKUKXcTM Transcript: https://www.dwarkeshpatel.com/p/dylan-jon Apple Podcasts: https://podcasts.apple.com/us/podcast/dylan-patel-jon-asianometry-how-the-semiconduc...,,
https://www.youtube.com/watch?v=DTOU3vchBE0,Taiwan Invasion: Timeline to Global Collapse – @Asianometry & Dylan Patel,203,3.38,19398,Full Episode: https://youtu.be/pE3KKUKXcTM Transcript: https://www.dwarkeshpatel.com/p/dylan-jon Apple Podcasts: https://podcasts.apple.com/us/podcast/dylan-patel-jon-asianometry-how-the-semiconduc...,,
https://www.youtube.com/watch?v=pE3KKUKXcTM,@Asianometry & Dylan Patel — How the semiconductor industry actually works,7854,130.9,337845,"Dylan Patel runs Semianalysis, the leading publication and research firm on AI hardware: https://www.semianalysis.com/. Jon Y runs @Asianometry, the world’s best YouTube channel on semiconductors...",,
https://www.youtube.com/watch?v=7OfV16_xngQ,The caste system transformed Indian genetics – David Reich,252,4.2,951613,Full Episode: https://youtu.be/Uj6skZIxPuI Transcript: https://www.dwarkeshpatel.com/p/david-reich Apple Podcasts: http://apple.co/3RFuS7b/  Spotify: http://spoti.fi/3APeQ3L Me on Twitter:...,,
https://www.youtube.com/watch?v=M7fyL79PvNQ,Oil Decided World War II – Daniel Yergin,147,2.45,36491,Full Episode: https://youtu.be/sveBcfz0fHk Transcript: https://www.dwarkeshpatel.com/p/daniel-yergin Apple Podcasts: http://apple.co/3RFuS7b/ Spotify: http://spoti.fi/3APeQ3L Me on Twitter:...,,
https://www.youtube.com/watch?v=sveBcfz0fHk,"Daniel Yergin — Oil destroyed Hitler, fracking destroyed Putin",5297,88.28,673843,𝐄𝐏𝐈𝐒𝐎𝐃𝐄 𝐋𝐈𝐍𝐊𝐒 * Transcript: https://www.dwarkeshpatel.com/p/daniel-yergin * Apple Podcasts: http://apple.co/3RFuS7b/  * Spotify: http://spoti.fi/3APeQ3L...,,
https://www.youtube.com/watch?v=sqDE7znrHsw,How horse nomads took over Europe 5000 years ago – David Reich,231,3.85,102894,Full Episode: https://youtu.be/Uj6skZIxPuI Transcript: https://www.dwarkeshpatel.com/p/david-reich Apple Podcasts: http://apple.co/3RFuS7b/  Spotify: http://spoti.fi/3APeQ3L Me on Twitter:...,,
https://www.youtube.com/watch?v=KwC7rcnThX4,Our biggest difference with Neanderthals – David Reich,253,4.22,162823,Full Episode: https://youtu.be/Uj6skZIxPuI Transcript: https://www.dwarkeshpatel.com/p/david-reich Apple Podcasts: http://apple.co/3RFuS7b/  Spotify: http://spoti.fi/3APeQ3L Me on Twitter:...,,
https://www.youtube.com/watch?v=1SbyMBvJzkE,A key period in human evolution wasn't in Africa – David Reich,273,4.55,198925,Full Episode: https://youtu.be/Uj6skZIxPuI Transcript: https://www.dwarkeshpatel.com/p/david-reich Apple Podcasts: http://apple.co/3RFuS7b/  Spotify: http://spoti.fi/3APeQ3L Me on Twitter:...,,
https://www.youtube.com/watch?v=rW_Lgwqqe3I,Why no other human species survived – David Reich,350,5.83,287533,Full Episode: https://youtu.be/Uj6skZIxPuI Transcript: https://www.dwarkeshpatel.com/p/david-reich Apple Podcasts: http://apple.co/3RFuS7b/  Spotify: http://spoti.fi/3APeQ3L Me on Twitter:...,,
https://www.youtube.com/watch?v=Uj6skZIxPuI,"David Reich — How one small tribe conquered the world 70,000 years ago",7024,117.07,1777968,I had no idea how wild human history was before chatting with the geneticist of ancient DNA David Reich. Human history has been again and again a story of one group figuring ‘something’...,,
https://www.youtube.com/watch?v=oX76K-mNdaM,The bacteria that shaped history: Yersinia pestis – David Reich,402,6.7,76189,Full Episode: https://youtu.be/Uj6skZIxPuI Transcript: https://www.dwarkeshpatel.com/p/david-reich Apple Podcasts: http://apple.co/3RFuS7b/  Spotify: http://spoti.fi/3APeQ3L Me on Twitter:...,,
https://www.youtube.com/watch?v=5XsL_7TnfLU,Joe Carlsmith — Preventing an AI takeover,9073,151.22,29903,"Chatted with Joe Carlsmith about whether we can trust power/techno-capital, how to not end up like Stalin in our urge to control the future, gentleness towards the artificial Other, and much...",,
https://www.youtube.com/watch?v=ciZMI5ZrFLo,The Biggest Money Laundering Scheme In History – Patrick McKenzie,247,4.12,21803,Full Episode: https://youtu.be/18zpjpPNWRw Transcript: https://www.dwarkeshpatel.com/p/patrick-mckenzie Apple Podcasts: http://apple.co/3RFuS7b/  Spotify: http://spoti.fi/3APeQ3L Follow me...,,
https://www.youtube.com/watch?v=18zpjpPNWRw,"Patrick McKenzie — Money laundering, big tech censorship, SBF & Japan",7338,122.3,118847,"I talked with Patrick McKenzie (known online as patio11) about how a small team he ran over a Discord server got vaccines into Americans' arms: A story of broken incentives, outrageous incompetence...",,
https://www.youtube.com/watch?v=4hk9np05A64,Does Tony Blair regret bringing China into world order?,177,2.95,14400,Full Episode: https://youtu.be/zSLWR3AbF3c  Transcript: https://www.dwarkeshpatel.com/p/tony-blair Apple Podcasts: https://podcasts.apple.com/us/podcast/tony-blair-life-of-a-pm-the-deep-state-lee-k...,,
https://www.youtube.com/watch?v=Ko9uQvR93kw,Lee Kuan Yew’s 3 key decisions that made Singapore rich – Tony Blair,202,3.37,330595,Full Episode: https://youtu.be/zSLWR3AbF3c  Transcript: https://www.dwarkeshpatel.com/p/tony-blair Apple Podcasts: https://podcasts.apple.com/us/podcast/tony-blair-life-of-a-pm-the-deep-state-lee-k...,,
https://www.youtube.com/watch?v=zSLWR3AbF3c,Tony Blair — Why political leaders keep failing at major change,3172,52.87,147221,Chatted with former Prime Minister Tony Blair about: * What he tells the dozens of world leaders who come seek advice from him * What he learned from Lee Kuan Yew * Intelligence agencies track...,,
https://www.youtube.com/watch?v=RWBZyQ4Na4o,Government is a conspiracy of distraction – Tony Blair,309,5.15,10040,Full Episode: https://youtu.be/zSLWR3AbF3c  Transcript: https://www.dwarkeshpatel.com/p/tony-blair Apple Podcasts: https://podcasts.apple.com/us/podcast/tony-blair-life-of-a-pm-the-deep-state-lee-k...,,
https://www.youtube.com/watch?v=wZ0ToxtXz5g,If an LLM solves this then we'll probably have AGI – Francois Chollet,309,5.15,25096,Full Episode: https://youtu.be/UakqL6Pj9xo  Transcript: https://www.dwarkeshpatel.com/p/francois-chollet Apple Podcasts: https://podcasts.apple.com/us/podcast/francois-chollet-mike-knoop-llms-wont-...,,
https://www.youtube.com/watch?v=rl7B-LHiaNo,Scaling laws are explained by memorization and not intelligence – Francois Chollet,369,6.15,25352,Full Episode: https://youtu.be/UakqL6Pj9xo  Transcript: https://www.dwarkeshpatel.com/p/francois-chollet Apple Podcasts: https://podcasts.apple.com/us/podcast/francois-chollet-mike-knoop-llms-wont-...,,
https://www.youtube.com/watch?v=UakqL6Pj9xo,Francois Chollet — Why the biggest AI models can't solve simple puzzles,5680,94.67,179476,"Here is my conversation with Francois Chollet and Mike Knoop on the $1 million ARC-AGI Prize they're launching today. I did a bunch of socratic grilling throughout, but Francois’s arguments...",,
https://www.youtube.com/watch?v=667IffkMDmU,AI Labs are extremely vulnerable to espionage – Leopold Aschenbrenner,305,5.08,10660,Full Episode: https://youtu.be/zdbVtZIn9IM  Transcript: https://www.dwarkeshpatel.com/p/leopold-aschenbrenner Apple Podcasts: https://podcasts.apple.com/us/podcast/leopold-aschenbrenner-china-us-su...,,
https://www.youtube.com/watch?v=ghluOfM-Xik,How the US-China AI Race Will Play Out – Leopold Aschenbrenner,458,7.63,18124,Full Episode: https://youtu.be/zdbVtZIn9IM  Transcript: https://www.dwarkeshpatel.com/p/leopold-aschenbrenner Apple Podcasts: https://podcasts.apple.com/us/podcast/leopold-aschenbrenner-china-us-su...,,
https://www.youtube.com/watch?v=K0Pa5oudUp4,AI Nationalization is Inevitable – Leopold Aschenbrenner,743,12.38,24002,Full Episode: https://youtu.be/zdbVtZIn9IM  Transcript: https://www.dwarkeshpatel.com/p/leopold-aschenbrenner Apple Podcasts: https://podcasts.apple.com/us/podcast/leopold-aschenbrenner-china-us-su...,,
https://www.youtube.com/watch?v=zdbVtZIn9IM,"Leopold Aschenbrenner — 2027 AGI, China/US super-intelligence race, & the return of history",16327,272.12,346676,"Chatted with my friend Leopold Aschenbrenner about the trillion dollar cluster, unhobblings + scaling = 2027 AGI, CCP espionage at AI labs, leaving OpenAI and starting an AGI investment firm,...",,
https://www.youtube.com/watch?v=ERpNuLzKmJY,The inside story of how ChatGPT was built – OpenAI cofounder John Schulman,449,7.48,13394,Full Episode: https://youtu.be/Wo95ob_s_NI  Apple Podcasts: https://podcasts.apple.com/us/podcast/john-schulman-openai-cofounder-reasoning-rlhf-plan/id1516093381?i=1000655679622 Spotify: https://op...,,
https://www.youtube.com/watch?v=JclnqKZBTUU,Why GPT-4 is much smarter than it was a year ago – OpenAI cofounder John Schulman,304,5.07,17945,Full Episode: https://youtu.be/Wo95ob_s_NI  Apple Podcasts: https://podcasts.apple.com/us/podcast/john-schulman-openai-cofounder-reasoning-rlhf-plan/id1516093381?i=1000655679622 Spotify: https://op...,,
https://www.youtube.com/watch?v=Wo95ob_s_NI,"John Schulman (OpenAI Cofounder) — Reasoning, RLHF, & plan for 2027 AGI",5751,95.85,183656,"John Schulman on how posttraining tames the shoggoth, and the nature of the progress to come...  𝐄𝐏𝐈𝐒𝐎𝐃𝐄 𝐋𝐈𝐍𝐊𝐒 * Apple Podcasts: https://podcasts.apple.com/us/po...",,
https://www.youtube.com/watch?v=1fmcdz2EO_c,2025 models will be more like coworkers than search engines – OpenAI cofounder John Schulman,336,5.6,16671,Full Episode: https://youtu.be/Wo95ob_s_NI  Apple Podcasts: https://podcasts.apple.com/us/podcast/john-schulman-openai-cofounder-reasoning-rlhf-plan/id1516093381?i=1000655679622 Spotify: https://op...,,
https://www.youtube.com/watch?v=V6X_tLCxsZk,LLMs will hit the data wall if they can’t generalize – OpenAI cofounder John Schulman,265,4.42,19254,Full Episode: https://youtu.be/Wo95ob_s_NI  Apple Podcasts: https://podcasts.apple.com/us/podcast/john-schulman-openai-cofounder-reasoning-rlhf-plan/id1516093381?i=1000655679622 Spotify: https://op...,,
https://www.youtube.com/watch?v=xDMYMOjcKa4,Japan had no military. But didn’t surrender – Richard Rhodes,471,7.85,16532,Full Episode: https://youtu.be/tMdMiYsfHKo  Transcript: https://www.dwarkeshpatel.com/p/richard-rhodes Apple Podcasts: https://bit.ly/45tJTRa Spotify: https://bit.ly/3BSiTNM  Follow me on Twitter:...,,
https://www.youtube.com/watch?v=UG22Ytgj4uc,Robert Oppenheimer's Worst Enemy – Richard Rhodes,362,6.03,11009,Full Episode: https://youtu.be/tMdMiYsfHKo  Transcript: https://www.dwarkeshpatel.com/p/richard-rhodes Apple Podcasts: https://bit.ly/45tJTRa Spotify: https://bit.ly/3BSiTNM Follow me on Twitter:...,,
https://www.youtube.com/watch?v=EwJFSZE2kws,Why Mark Zuckerberg turned down $1B for Facebook,236,3.93,103634,Full Episode: https://youtu.be/bc6uFV9CJGg  Apple Podcasts: https://podcasts.apple.com/us/podcast/mark-zuckerberg-llama-3-open-sourcing-%2410b-models-caeser/id1516093381?i=1000652877239 Spotify:...,,
https://www.youtube.com/watch?v=9TU0XjJqpOg,Can synthetic data unlock AI recursive self-improvement? — Mark Zuckerberg,246,4.1,67146,Full Episode: https://youtu.be/bc6uFV9CJGg  Apple Podcasts: https://podcasts.apple.com/us/podcast/mark-zuckerberg-llama-3-open-sourcing-%2410b-models-caeser/id1516093381?i=1000652877239 Spotify:...,,
https://www.youtube.com/watch?v=i-o5YbNfmh0,"Energy, not compute, will be the #1 bottleneck to AI progress – Mark Zuckerberg",217,3.62,453378,Full Episode: https://youtu.be/bc6uFV9CJGg  Apple Podcasts: https://podcasts.apple.com/us/podcast/mark-zuckerberg-llama-3-open-sourcing-%2410b-models-caeser/id1516093381?i=1000652877239 Spotify:...,,
https://www.youtube.com/watch?v=_VjyPShDsjo,What Mark Zuckerberg learned from Caesar Augustus,205,3.42,56757,Full Episode: https://youtu.be/bc6uFV9CJGg  Apple Podcasts: https://podcasts.apple.com/us/podcast/mark-zuckerberg-llama-3-open-sourcing-%2410b-models-caeser/id1516093381?i=1000652877239 Spotify:...,,
https://www.youtube.com/watch?v=QmPopAPmPcM,Will AI Gatekeepers Tell You What You Can Build? – Mark Zuckerberg,249,4.15,15907,Full Episode: https://youtu.be/bc6uFV9CJGg  Apple Podcasts: https://podcasts.apple.com/us/podcast/mark-zuckerberg-llama-3-open-sourcing-%2410b-models-caeser/id1516093381?i=1000652877239 Spotify:...,,
https://www.youtube.com/watch?v=bc6uFV9CJGg,"Mark Zuckerberg — Llama 3, $10B models, Caesar Augustus, & 1 GW datacenters",4718,78.63,856591,"Zuck on: * Llama 3 * open sourcing towards AGI  * custom silicon, synthetic data, & energy constraints on scaling * Caesar Augustus, intelligence explosion, bioweapons, $10b models, & much...",,
https://www.youtube.com/watch?v=WpGqsKR26Cw,"If we don’t get AGI by GPT-7 (~$1T), will we just never get it? – Sholto Douglas & Trenton Bricken",262,4.37,26869,Full Episode: https://youtu.be/UTuuTTnjxMQ  Website & Transcript: https://www.dwarkeshpatel.com/p/sholto-douglas-trenton-bricken Spotify: https://open.spotify.com/episode/2dtDauiE4v8ldNRqPFq0uP?si=...,,
https://www.youtube.com/watch?v=AOt0GwY8IvU,Distinction between small & large models will go away – Sholto Douglas & Trenton Bricken,342,5.7,11096,Full Episode: https://youtu.be/UTuuTTnjxMQ  Website & Transcript: https://www.dwarkeshpatel.com/p/sholto-douglas-trenton-bricken Spotify: https://open.spotify.com/episode/2dtDauiE4v8ldNRqPFq0uP?si=...,,
https://www.youtube.com/watch?v=X3tuS9bgBfo,Hitler put Russians on Death Ground - Sarah Paine,580,9.67,665770,Full Episode: https://youtu.be/YcVSgYz5SJ8 (October 2023)  Transcript: https://www.dwarkeshpatel.com/p/sarah-paine Apple Podcasts: https://podcasts.apple.com/us/podcast/sarah-c-m-paine-how-xi-putin...,,
https://www.youtube.com/watch?v=UeI29-AdhQI,AI progress is about to rapidly accelerate in 2025 – Sholto Douglas & Trenton Bricken,529,8.82,60763,Full Episode: https://youtu.be/UTuuTTnjxMQ  Website & Transcript: https://www.dwarkeshpatel.com/p/sholto-douglas-trenton-bricken Spotify: https://open.spotify.com/episode/2dtDauiE4v8ldNRqPFq0uP?si=...,,
https://www.youtube.com/watch?v=cPu3SecmgUU,How They Became Leading AI Researchers in Just 1 Year – Sholto Douglas & Trenton Bricken,658,10.97,123139,Full Episode: https://youtu.be/UTuuTTnjxMQ  Website & Transcript: https://www.dwarkeshpatel.com/p/sholto-douglas-trenton-bricken Spotify: https://open.spotify.com/episode/2dtDauiE4v8ldNRqPFq0uP?si=...,,
https://www.youtube.com/watch?v=UTuuTTnjxMQ,Sholto Douglas & Trenton Bricken — How LLMs actually think,11593,193.22,186297,"Had so much fun chatting with my good friends Trenton Bricken and Sholto Douglas on the podcast. No way to summarize it, except:  * This is the best context dump out there on how LLMs are trained,...",,
https://www.youtube.com/watch?v=xkxy5zo2kJ8,Why America Failed In Afghanistan | Sarah Paine,327,5.45,826538,Full Episode: https://youtu.be/YcVSgYz5SJ8 (October 2023)  Transcript: https://www.dwarkeshpatel.com/p/sarah-paine Apple Podcasts: https://podcasts.apple.com/us/podcast/sarah-c-m-paine-how-xi-putin...,,
https://www.youtube.com/watch?v=D_WsPbdJKUg,What a GPT-7 Intelligence Explosion Looks Like | Carl Shulman,620,10.33,13692,Full Episode: https://youtu.be/_kRg-ZP1vQc (June 2023)  Transcript: https://www.dwarkeshpatel.com/p/carl-shulman Apple Podcasts: https://bit.ly/3P9rPpJ Spotify: https://bit.ly/42Vnbzb  Follow...,,
https://www.youtube.com/watch?v=oEahPLq1qBU,Sarah Paine – Maritime vs Continental Powers,447,7.45,288192,Full Episode: https://youtu.be/YcVSgYz5SJ8 (October 2023)  Transcript: https://www.dwarkeshpatel.com/p/sarah-paine Apple Podcasts: https://podcasts.apple.com/us/podcast/sarah-c-m-paine-how-xi-putin...,,
https://www.youtube.com/watch?v=qSTuahfAZf0,How Much Will China Risk for Taiwan? – Sarah Paine (Naval War College),265,4.42,1919984,Full Episode: https://youtu.be/YcVSgYz5SJ8 (October 2023)  Transcript: https://www.dwarkeshpatel.com/p/sarah-paine Apple Podcasts: https://podcasts.apple.com/us/podcast/sarah-c-m-paine-how-xi-putin...,,
https://www.youtube.com/watch?v=4hiXbxUnWd8,Everyone Was Wrong About Intelligence – Dario Amodei (Anthropic CEO),498,8.3,21880,Full Episode: https://youtu.be/Nlkk3glap_U (August 2023)  Transcript: https://www.dwarkeshpatel.com/dario-amodei Apple Podcasts: https://apple.co/3rZOzPA Spotify: https://spoti.fi/3QwMXXU ...,,
https://www.youtube.com/watch?v=wo4o09lKAQQ,Are We On Path Towards Superhuman Intelligence? – Dario Amodei (Anthropic CEO),411,6.85,9778,Full Episode: https://youtu.be/Nlkk3glap_U (August 2023)  Transcript: https://www.dwarkeshpatel.com/dario-amodei Apple Podcasts: https://apple.co/3rZOzPA Spotify: https://spoti.fi/3QwMXXU ...,,
https://www.youtube.com/watch?v=Iq4YStiGADs,How Did Dario & Ilya Know LLMs Could Lead to AGI?,404,6.73,33773,"Dario Amodei, CEO of Anthropic. (August 2023) Full Episode: https://youtu.be/Nlkk3glap_U  Transcript: https://www.dwarkeshpatel.com/dario-amodei Apple Podcasts: https://apple.co/3rZOzPA Spotify:...",,
https://www.youtube.com/watch?v=wJzwbY2CwZQ,The AI Field is Acting Crazy – Demis Hassabis (Google DeepMind CEO),247,4.12,29076,Full Episode: https://youtu.be/qTogNUV3CAI  Transcript: https://www.dwarkeshpatel.com/p/demis-hassabis Apple Podcasts: https://podcasts.apple.com/us/podcast/demis-hassabis-scaling-superhuman-ais-al...,,
https://www.youtube.com/watch?v=bFwWkyZ7yMo,Multimodality: The Next Big Step (Demis Hassabis - Google DeepMind CEO),173,2.88,12894,Full Episode: https://youtu.be/qTogNUV3CAI  Transcript: https://www.dwarkeshpatel.com/p/demis-hassabis Apple Podcasts: https://podcasts.apple.com/us/podcast/demis-hassabis-scaling-superhuman-ais-al...,,
https://www.youtube.com/watch?v=qTogNUV3CAI,"Demis Hassabis — Scaling, superhuman AIs, AlphaZero atop LLMs, AlphaFold",3694,61.57,205581,"Here is my episode with Demis Hassabis, CEO of Google DeepMind. We discuss: * Why scaling is an artform * Adding search, planning, & AlphaZero type training atop LLMs * Making sure rogue nations...",,
https://www.youtube.com/watch?v=eqXfhejDeqA,The Fastest Way to AGI: LLMs + Tree Search – Demis Hassabis (Google DeepMind CEO),314,5.23,90169,Full Episode: https://youtu.be/qTogNUV3CAI  Transcript: https://www.dwarkeshpatel.com/p/demis-hassabis Apple Podcasts: https://podcasts.apple.com/us/podcast/demis-hassabis-scaling-superhuman-ais-al...,,
https://www.youtube.com/watch?v=666XgM38jJE,Scaling LLMs further is an artform - Demis Hassabis (Google DeepMind CEO),293,4.88,36241,Full Episode: https://youtu.be/qTogNUV3CAI  Transcript: https://www.dwarkeshpatel.com/p/demis-hassabis Apple Podcasts: https://podcasts.apple.com/us/podcast/demis-hassabis-scaling-superhuman-ais-al...,,
https://www.youtube.com/watch?v=XrFIKOle0n8,Patrick Collison’s Advice to 20-30 Year Olds: Don't Move to SF,348,5.8,8278,Full Episode: https://youtu.be/WU-lBOAS1VQ  Transcript: https://www.dwarkeshpatel.com/p/patrick-collison Apple Podcasts: https://podcasts.apple.com/us/podcast/patrick-collison-stripe-ceo-craft-beau...,,
https://www.youtube.com/watch?v=WU-lBOAS1VQ,Patrick Collison — Why Silicon Valley's most talented should leave,6932,115.53,141769,"We discuss: * what it takes to process $1 trillion/year * how to build multi-decade APIs, companies, and relationships * what's next for Stripe (increasing the GDP of the internet is quite...",,
https://www.youtube.com/watch?v=EY2nbAVZB-k,"Tyler Cowen — Hayek, Keynes, & Smith on AI, animal spirits, anarchy, & growth",6142,102.37,42733,"It was a great pleasure speaking with Tyler Cowen for the 3rd time. We discussed how Hayek, Keynes, Smith, and other great economists help us make sense of AI, growth, risk, human nature, anarchy,...",,
https://www.youtube.com/watch?v=N84ZntqkO4I,AGI by 2028 - Shane Legg (DeepMind Founder),189,3.15,28604,Full Episode: https://youtu.be/Kc1atfJkiJU Apple Podcasts: https://podcasts.apple.com/us/podcast/shane-legg-deepmind-founder-2028-agi-new-architectures/id1516093381?i=1000632720307 Spotify:...,,
https://www.youtube.com/watch?v=7tL1Jy_b_3Y,Why OpenAI gave up on robotics - Ilya Sutskever (OpenAI Chief Scientist),118,1.97,43664,Full episode: https://youtu.be/Yf1o0TQzry8 Transcript: https://www.dwarkeshpatel.com/p/ilya-sutskever Apple Podcasts: https://apple.co/42H6c4D Spotify: https://spoti.fi/3LRqOBd  Follow me on...,,
https://www.youtube.com/watch?v=YEUclZdj_Sc,Why next-token prediction is enough for AGI - Ilya Sutskever (OpenAI Chief Scientist),128,2.13,212906,Full episode: https://youtu.be/Yf1o0TQzry8 Transcript: https://www.dwarkeshpatel.com/p/ilya-sutskever Apple Podcasts: https://apple.co/42H6c4D Spotify: https://spoti.fi/3LRqOBd  Follow me on...,,
https://www.youtube.com/watch?v=GnMPfCFp6TA,Will an AI smart enough to win math competitions be AGI? (Grant Sanderson @3blue1brown),450,7.5,24258,Full episode: https://youtu.be/oDyviiN4NVo?si=ppwYqgn3iA4JGEz2 Apple Podcasts: https://podcasts.apple.com/us/podcast/grant-sanderson-3blue1brown-past-present-future-of/id1516093381?i=1000631087010...,,
https://www.youtube.com/watch?v=BHjtXKBzbF0,Where should society allocate mathematicians? (Grant Sanderson @3Blue1Brown),381,6.35,186147,Full episode: https://youtu.be/oDyviiN4NVo?si=ppwYqgn3iA4JGEz2 Apple Podcasts: https://podcasts.apple.com/us/podcast/grant-sanderson-3blue1brown-past-present-future-of/id1516093381?i=1000631087010...,,
https://www.youtube.com/watch?v=-VeZp2d7mDs,Jung Chang (Wild Swans author) — Living through history's largest man-made famine,5476,91.27,85358,A true honor to speak with Jung Chang. She is the author of Wild Swans: Three Daughters of China (sold 15+ million copies worldwide) and Mao: The Unknown Story. We discuss: * what it was like...,,
https://www.youtube.com/watch?v=tM9ZMYUYhTk,"Andrew Roberts — Why Hitler lost WWII, Churchill as applied historian, & Napoleon as startup founder",4730,78.83,93841,Andrew Roberts is the world's best biographer and one of the leading historians of our time. Andrew Roberts is the world's best biographer and one of the leading historians of our time. We...,,
https://www.youtube.com/watch?v=3i7ym_Qh7BA,Dominic Cummings — Inside the collapse of western government,9305,155.08,194185,"Why Western governments are so dangerously broken, and how to fix them before an even more catastrophic crisis. Dominic was Chief Advisor to the Prime Minister during COVID, and before that,...",,
https://www.youtube.com/watch?v=9AAhTLa0dT0,Paul Christiano — Preventing an AI takeover,11222,187.03,80028,Talked with Paul Christiano (world’s leading AI safety researcher) about: * Does he regret inventing RLHF? * What do we want post-AGI world to look like (do we want to keep gods enslaved...,,
https://www.youtube.com/watch?v=Kc1atfJkiJU,"Shane Legg (DeepMind Founder) — 2028 AGI, superhuman alignment, new architectures",2659,44.32,123730,"I had a lot of fun chatting with Shane Legg - Founder & Chief AGI Scientist, Google DeepMind! We discuss: * Why he expects AGI around 2028 * How to align superhuman models * What new architectures...",,
https://www.youtube.com/watch?v=oDyviiN4NVo,"Grant Sanderson (@3blue1brown) — Past, present, & future of mathematics",5481,91.35,407445,I had a lot of fun chatting with Grant Sanderson (who runs the excellent 3Blue1Brown YouTube channel) about: * Whether advanced math requires AGI * What careers should mathematically talented...,,
https://www.youtube.com/watch?v=UUNYqAFrlFA,Are we risking nuclear war by supporting Ukraine?,536,8.93,858673,With Naval War College Historian Sarah C.M. Paine  Full video: https://youtu.be/YcVSgYz5SJ8 Apple Podcasts: https://podcasts.apple.com/us/podcast/sarah-c-m-paine-how-xi-putin-think-maritime-vs-cont...,,
https://www.youtube.com/watch?v=Yf8mCThmsGc,How Xi & Putin think - maritime vs continental powers,197,3.28,187560,With Naval War College Historian Sarah C.M. Paine  Full video: https://youtu.be/YcVSgYz5SJ8 Apple Podcasts: https://podcasts.apple.com/us/podcast/sarah-c-m-paine-how-xi-putin-think-maritime-vs-cont...,,
https://www.youtube.com/watch?v=YcVSgYz5SJ8,Sarah C. M. Paine — Why dictators keep making the same fatal mistake,8673,144.55,4227684,"I learned so much from Sarah Paine, Professor of History and Strategy at the Naval War College. We discuss: * how continental vs maritime powers think and how this explains Xi & Putin's decisions...",,
https://www.youtube.com/watch?v=uxRf4JLbQGc,What if the Third Reich survived WW2?,217,3.62,644981,Full episode out tomorrow,,
https://www.youtube.com/watch?v=vwbXiITmxTU,Why Microsoft paid $7.5 billion for GitHub (Nat Friedman),492,8.2,9669,"From my conversation with Nat Friedman, former CEO of GitHub. Watch the full video here: https://www.youtube.com/watch?v=qcvMjoJdck4 Or read the transcript here: https://www.dwarkeshpatel.com/p/nat...",,
https://www.youtube.com/watch?v=Nlkk3glap_U,Dario Amodei (Anthropic CEO) — The hidden pattern behind every AI breakthrough,7124,118.73,260395,"Here is my conversation with Dario Amodei, CEO of Anthropic. Dario is hilarious and has fascinating takes on what these models are doing, why they scale so well, and what it will take to align...",,
https://www.youtube.com/watch?v=dmeRQN9z504,Andy Matuschak — The reason most learning tools fail,8560,142.67,50106,"A few weeks ago, I sat beside Andy Matuschak to record how he reads a textbook. Even though my own job is to learn things, I was shocked with how much more intense, painstaking, and effective...",,
https://www.youtube.com/watch?v=KUieFuV1fuo,"Carl Shulman (Pt 2) — AI Takeover, bio & cyber attacks, detecting deception, & humanity's far future",11235,187.25,25273,"The second half of my 7 hour conversation with Carl Shulman is out! My favorite part! And the one that had the biggest impact on my worldview. Here, Carl lays out how an AI takeover might happen:...",,
https://www.youtube.com/watch?v=_kRg-ZP1vQc,"Carl Shulman (Pt 1) — Intelligence explosion, primate evolution, robot doublings, & alignment",9813,163.55,69102,"In terms of the depth and range of topics, this episode is the best I’ve done. No part of my worldview is the same after talking with Carl Shulman. He's the most interesting intellectual...",,
https://www.youtube.com/watch?v=tMdMiYsfHKo,Richard Rhodes — The making of the atomic bomb,9457,157.62,270846,"It was a tremendous honor & pleasure to interview Richard Rhodes, author of The Making of the Atomic Bomb. We discuss:  * similarities between AI progress & Manhattan Project (developing a...",,
https://www.youtube.com/watch?v=41SUp-TRVlg,"Eliezer Yudkowsky — Why AI will kill us, aligning LLMs, nature of intelligence, SciFi, & rationality",14605,243.42,169215,"For 4 hours, I tried to come up reasons for why AI might not kill us all, and Eliezer Yudkowsky explained why I was wrong. We also discuss his call to halt AI, why LLMs make alignment harder,...",,
https://www.youtube.com/watch?v=Yf1o0TQzry8,Ilya Sutskever (OpenAI Chief Scientist) — Why next-token prediction could surpass human intelligence,2861,47.68,768213,Asked Ilya Sutskever (Chief Scientist of OpenAI) about: * time to AGI * leaks and spies * what's after generative models * post AGI futures * working with MSFT and competing with Google * difficult...,,
https://www.youtube.com/watch?v=qcvMjoJdck4,"Nat Friedman (Github CEO) — Reading ancient scrolls, open source, & AI",5904,98.4,81524,"Nat Friedman was the CEO of Github from 2018 to 2021. Before that, he started and sold two companies - Ximian and Xamarin. He is also the founder of AI Grant and California YIMBY. And most...",,
https://www.youtube.com/watch?v=yXgDlIlB93A,Brett Harrison — FTX US former president speaks out,9458,157.63,6015,"I flew out to Chicago to interview Brett Harrison, who is the former President of FTX US President and founder of Architect. In his first longform interview since the fall of FTX, he speak...",,
https://www.youtube.com/watch?v=kNsi5XVDTTM,"Marc Andreessen — AI, crypto, 1000 Elon Musks, regrets, vulnerabilities, & managerial revolution",4818,80.3,61766,"My podcast with the brilliant Marc Andreessen is out! We discuss: * how AI will revolutionize software * whether NFTs are useless, & whether he should be funding flying cars instead * a16z's...",,
https://www.youtube.com/watch?v=ZruyslAe26g,"Garett Jones — Immigration, national IQ, & less democracy",4441,74.02,8049,"Garett Jones is an economist at George Mason University and he is the author of The Cultural Transplant, Hive Mind, and 10% Less Democracy. This episode was fun and interesting throughout!...",,
https://www.youtube.com/watch?v=sL-qkv7Pzxo,"Lars Doucet — Progress, poverty, Georgism, & why rent is too damn high",5998,99.97,11147,"One of my best episodes ever. Lars Doucet is the author of Land is a Big Deal, a book about Georgism which has been praised by Vitalik Buterin, Scott Alexander, and Noah Smith. Sam Altman is...",,
https://www.youtube.com/watch?v=UckqpcOu5SY,Holden Karnofsky — History's most important century,6971,116.18,9075,"Holden Karnofsky is the co-CEO of Open Philanthropy and co-founder of GiveWell. He is also the author of one of the most interesting blogs on the internet, Cold Takes. We discuss: * Are we...",,
https://www.youtube.com/watch?v=m3oM69YHLeo,"Bethany McLean — Enron, FTX, 2008, Musk, frauds, & visionaries",5158,85.97,7145,This was one of my favorite episodes ever. Bethany McLean broke the Enron story & has written some of the best finance books out there. We discuss: * The astounding similarities between Enron...,,
https://www.youtube.com/watch?v=nvL3vqMzznY,"Nadia Asparouhova — Tech elites, democracy, open source, & philanthropy",4931,82.18,3907,Nadia Asparouhova is currently researching what the new tech elite will look like at nadia.xyz. She is also the author of Working in Public: The Making and Maintenance of Open Source Software....,,
https://www.youtube.com/watch?v=9P2rk0Gtd0I,"Byrne Hobart - FTX, Drugs, Twitter, Taiwan, & Monasticism",5451,90.85,3273,"Perhaps the most interesting episode so far.  Byrne Hobart writes at thediff.co, analyzing inflections in finance and tech.  He explains: - What happened at FTX - How drugs have induced past...",,
https://www.youtube.com/watch?v=MpttoDJ3pH8,"Edward Glaeser - Cities, Terrorism, Housing, & Remote Work",3432,57.2,2989,"Edward Glaeser is the chair of the Harvard department of economics, and the author of the best books and papers about cities (including Survival of the City and Triumph of the City).  He explains...",,
https://www.youtube.com/watch?v=Gumo8zmgLqM,"Kenneth T. Jackson - Robert Moses, Hero of New York?",5598,93.3,10074,I had a fascinating discussion about Robert Moses and The Power Broker with Professor Kenneth T. Jackson.  He's the pre-eminent historian on NYC and author of Robert Moses and The Modern City:...,,
https://www.youtube.com/watch?v=m9ErXK5h-oU,"Brian Potter - Future of Construction, Ugly Modernism, & Environmental Review",8758,145.97,2484,"It was a pleasure to welcome Brian Potter on the podcast! Brian is the author of the excellent Construction Physics blog, where he discusses why the construction industry has been slow to industria...",,
https://www.youtube.com/watch?v=jmWmrx6ki9Q,"Bryan Caplan - Feminists, Billionaires, and Demagogues",7552,125.87,15360,It was a fantastic pleasure to speak to Bryan Caplan for a third time on the podcast! His most recent book is Don't Be a Feminist: Essays on Genuine Justice.  He explains why: - Feminists are...,,
https://www.youtube.com/watch?v=AHkmEnl55jo,Tyler Cowen - Why Society Will Collapse & Why Sex is Pessimistic,5697,94.95,32969,"It was my great pleasure to speak once again to Tyler Cowen. His most recent book is called Talent, How to Find Energizers, Creatives, and Winners Across the World.  We discuss how sex is more...",,
https://www.youtube.com/watch?v=1Z35PqPQU2M,Charles C. Mann - Americas Before Columbus & Scientific Wizardry,5550,92.5,4524,"Charles C. Mann is the author of my favorite history books, including 1491: New Revelations of America before Columbus. 1493: Uncovering the New World Columbus Created, and The Wizard and the...",,
https://www.youtube.com/watch?v=YSgfu7XprIM,"Austin Vernon - Energy Superabundance, Starship Missiles, & Finding Alpha",8653,144.22,2029,"Austin Vernon is an engineer working on a new method for carbon capture, and he has one of the most interesting blogs on the internet, where he writes about engineering, software, economics,...",,
https://www.youtube.com/watch?v=80BhjRh-Q-s,"Steve Hsu - Intelligence, Embryo Selection, & The Future of Humanity",8483,141.38,11367,"Steve Hsu is a Professor of Theoretical Physics and of Computational Mathematics, Science, and Engineering at Michigan State University, and one of the founders of the company Genomic Prediction....",,
https://www.youtube.com/watch?v=SMEfl5maB8k,"Will MacAskill - Longtermism, Effective Altruism, History, & Technology",3423,57.05,1962,"Will MacAskill is one of the founders of the Effective Altruist movement and the author of the upcoming book, What We Owe The Future.  We talk about improving the future, risk of extinction...",,
https://www.youtube.com/watch?v=M3TUe4zUCKk,"Joseph Carlsmith - Utopia, AI, & Infinite Ethics",5530,92.17,1997,Joseph Carlsmith is a senior research analyst at Open Philanthropy and a doctoral student in philosophy at the University of Oxford.  Learn about Joseph and read his work at: https://www.josephca...,,
https://www.youtube.com/watch?v=snMWoyvmkhg,"Fin Moorhouse - Longtermism, Space, & Entrepreneurship",8443,140.72,1425,"Fin Moorhouse is a Research Scholar and assistant to Toby Ord at Oxford University's Future of Humanity Institute. He is the cohost of the Hear This Idea Podcast.  Learn about Fin, the blog...",,
https://www.youtube.com/watch?v=E65CHSV6Ads,"Alexander Mikaberidze - Napoleon, War, Progress, and Global Order",5029,83.82,2826,Alexander Mikaberidze is a Professor of History at Louisiana State University and the author of The Napoleonic Wars: A Global History  He explains the global ramifications of the Napoleonic...,,
https://www.youtube.com/watch?v=5Af0d2DbK5w,"Sam Bankman-Fried - Crypto, FTX, Altruism, & Leadership",2771,46.18,17510,"I flew to the Bahamas to interview Sam Bankman-Fried, the CEO of FTX!   He talks about FTX’s plan to infiltrate traditional finance, giving $100m this year to AI + pandemic risk, scaling...",,
https://www.youtube.com/watch?v=3BBNG0TlVwM,"Agustin Lebron - Trading, Crypto, and Adverse Selection",3881,64.68,5260,"Agustin Lebron began his career as a trader and researcher at Jane Street Capital, one of the largest market-making firms in the world. He currently runs the consulting firm Essilen Research,...",,
https://www.youtube.com/watch?v=faZI6OBOopE,"Ananyo Bhattacharya - John von Neumann, Jewish Genius, and Nuclear War",3285,54.75,4318,"Ananyo Bhattacharya is the author of The Man from the Future: The Visionary Life of John von Neumann. He is a science writer who has worked at the Economist and Nature. Before journalism, he...",,
https://www.youtube.com/watch?v=XoRXrnHg084,Manifold Markets Founder - Predictions Markets & Revolutionizing Governance,3054,50.9,1473,"Stephen Grugett is a cofounder of Manifold Markets, where anyone can create a prediction market. We discuss how prediction markets can change how countries and companies make important decisions....",,
https://www.youtube.com/watch?v=rsJxlybPByM,"Pradyu Prasad - Imperial Japan, the God Emperor, and Militarization in the Modern World",6001,100.02,3178,"Today I talk to Pradyu Prasad (blogger and podcaster) about the book ""Hirohito and the Making of Modern Japan"" by Herbert P. Bix. We also discuss militarization, industrial capacity, current...",,
https://www.youtube.com/watch?v=sh04dEtBAoE,"Razib Khan - Genomics, Intelligence, and The Church of Science",3881,64.68,3952,"Razib Khan is a writer, geneticist, and blogger with an interest in history, genetics, culture, and evolutionary psychology.   Podcast website + Transcript: https://www.dwarkeshpatel.com/p/razib-kh...",,
https://www.youtube.com/watch?v=OEcOUgXvz7g,"Jimmy Soni - Peter Thiel, Elon Musk, and the Paypal Mafia",4102,68.37,3075,Jimmy Soni is the author of The Founders: The Story of Paypal and the Entrepreneurs Who Shaped Silicon Valley.  Episode website + Transcript: https://www.dwarkeshpatel.com/p/jimmy-soni Apple...,,
https://www.youtube.com/watch?v=i70j-ZCPhXg,"Bryan Caplan - Labor Econ, Poverty, & Mental Illness",3821,63.68,9483,"I interview the economist Bryan Caplan about his new book, Labor Econ Versus the World, and many other related topics.  Podcast website + Transcript: https://www.dwarkeshpatel.com/p/bryan-caplan-2...",,
https://www.youtube.com/watch?v=QyWs-XomCk0,"Richard Hanania - Foreign Policy, Fertility, and Experts",3723,62.05,4215,"Richard Hanania is the President of the Center for the Study of Partisanship and Ideology and the author of Public Choice Theory and the Illusion of Grand Strategy: How Generals, Weapons Manufactur...",,
https://www.youtube.com/watch?v=EVwjofV5TgU,"David Deutsch - AI, America, Fun, & Bayes",5047,84.12,31638,"David Deutsch is the founder of the field of quantum computing and the author of The Beginning of Infinity and The Fabric of Reality.  Read me Contra David, on AI: https://dwarkeshpatel.com/univers...",,
https://www.youtube.com/watch?v=ZI_tDsOhd5I,"Byrne Hobart - Optionality, Stagnation, and Secret Societies",4293,71.55,2602,"Byrne Hobart writes The Diff, a newsletter about inflections in finance and technology with 24,000+ subscribers.  Episode website + Transcript: https://www.dwarkeshpatel.com/p/byrne-hobart#details...",,
https://www.youtube.com/watch?v=3svashDgB50,"David Friedman - Dating Markets, Legal Systems, Bitcoin, and Automation",5034,83.9,3204,David Friedman is a famous anarcho-capitalist economist and legal scholar.  Episode website + Transcript: https://www.dwarkeshpatel.com/p/david-friedman Apple Podcasts: https://apple.co/3RrdnYm...,,
https://www.youtube.com/watch?v=BV6Qice6Lrc,Sarah Fitz-Claridge - Taking Children Seriously | The Lunar Society #15,3495,58.25,2327,"Sarah Fitz-Claridge is a writer, coach, and speaker with a fallibilist worldview. She started the journal that became Taking Children Seriously in the early 1990s after being surprised by the...",,
https://www.youtube.com/watch?v=--xKsIgv7tE,"Michael Huemer - Anarchy, Capitalism, and Progress",5825,97.08,5249,"Michael Huemer is a professor of philosophy at the University of Colorado. He is the author of more than sixty academic articles in epistemology, ethics, metaethics, metaphysics, and political...",,
https://www.youtube.com/watch?v=ldTPVd3vO9Q,"Uncle Bob - The Long Reach of Code, Automating Programming, and Developing Coding Talent",2751,45.85,1330,"Robert Martin (aka Uncle Bob) is a programming pioneer and bestselling author of Clean Code. We discuss the prospect of automating programming, spotting and developing coding talent, occupational...",,
https://www.youtube.com/watch?v=Uy5fvwdw8x4,"Scott Aaronson - Quantum Computing, Complexity, and Creativity",5226,87.1,3904,"Scott Aaronson is a Professor of Computer Science at The University of Texas at Austin, and director of its Quantum Information Center. He's the author of one of the most interesting blogs...",,
https://www.youtube.com/watch?v=R5sBycV80c8,"Scott Young - Ultralearning, The MIT Challenge",5938,98.97,2945,"Scott is the author of Ultralearning and famous for the MIT Challenge, where he taught himself MIT's 4 year Computer Science curriculum in 1 year.  I had a blast chatting with Scott Young about...",,
https://www.youtube.com/watch?v=yYtyKmPZBto,Charles Murray - Human Accomplishment and the Future of Liberty | The Lunar Society #10,6739,112.32,7754,"I ask Charles Murray about Human Accomplishment, By The People, and The Curmudgeon's Guide to Getting Ahead.  Podcast website + Transcript: https://www.dwarkeshpatel.com/p/charles-murray Apple...",,
https://www.youtube.com/watch?v=i75KvXVrtLw,"Alex Tabarrok - Prizes, Prices, and Public Goods",5162,86.03,1327,Alex Tabarrok is a professor of economics at George Mason University and with Tyler Cowen a founder of the online education platform http://MRU.org.  I ask Alex Tabarrok about the Grand Innovation...,,
https://www.youtube.com/watch?v=Ayewh_O0LPQ,Caleb Watney - America's Innovation Engine,3307,55.12,1144,Caleb Watney is the director of innovation policy at the Progressive Policy Institute.  Episode website: https://www.dwarkeshpatel.com/p/caleb-watney Apple Podcasts: https://apple.co/3pVUVuT...,,
https://www.youtube.com/watch?v=aagyRGKv66g,Robin Hanson - The Long View and The Elephant in the Brain,6030,100.5,2831,Robin Hanson is a professor of economics at George Mason University. He is the author of The Elephant in the Brain and The Age of Em.  Robin's book: https://www.amazon.com/Elephant-Brain-Hidden-Mot...,,
https://www.youtube.com/watch?v=otyrj5SnS4I,Jason Crawford - The Roots of Progress & the History of Technology,2918,48.63,1540,Jason Crawford writes at The Roots of Progress about the history of technology and industry and the philosophy of progress.  Episode Website: https://www.dwarkeshpatel.com/p/jason-crawford...,,
https://www.youtube.com/watch?v=fTfDZO-p5Fo,"Matjaž Leonardis - Science, Identity and Probability",2073,34.55,2037,"Matjaž Leonardis has co-written a paper with David Deutsch about the Popper-Miller Theorem. In this episode, we talk about that as well as the dangers of the scientific identity, the nature...",,
https://www.youtube.com/watch?v=ayUZreGysTo,Tyler Cowen - The Great Reset,2802,46.7,11806,Tyler Cowen is Holbert L. Harris Professor of Economics at George Mason University and also Director of the Mercatus Center.   Episode Website: https://www.dwarkeshpatel.com/p/tyler-cowen Apple...,,
https://www.youtube.com/watch?v=r4AkTmqvWzM,"Bryan Caplan - Nurturing Orphaned Ideas, Education, and UBI",3433,57.22,8389,"Bryan Caplan is a Professor of Economics at George Mason University and a New York Times Bestselling author. His most famous works include The Myth of the Rational Voter, The Case Against Education...",,
https://www.youtube.com/watch?v=fAaxahG39Dk,Rubik's Cube Encryption Demo,67,1.12,4250,https://gitlab.com/dwarkeshsp/rubiks-cube-encryption/,,
